Name,Beschreibung,Anschrift,PLZ,Stadt,Ansprechpartner,Telefon,Telefax,Mail,Website
ALTERAktiv Siegen-Wittgenstein e.V.,Förderung der gesellschaftlichen Teilhabe älterer Menschen,St. Johann-Straße 7,57074,Siegen,Erich Kerkhoff,02712339425,,info@senioren-siegen.de, http//www.senioren-siegen.de
Arbeitsgemeinschaft Gosenbacher Vereine e.V.,Wir bieten Ihnen hier Informationen in Hülle und Fülle und dies zu allen möglichen Bereichen...,Siegener Straße 25,57080,Siegen,1. Vorsitzender:  Herr Günter Strunk,0271351149,,info@agv-gosenbach.de, http//www.agv-gosenbach.de
Heimatverein Achenbach,Heimatverein Achenbach,Im Langenseifen,57072,Siegen,Günther Langer,0271316947,0271316947,asglanger@aol.com,
9-Promille,jüngsten und dümsten Kegler,Im Wiesental 57,57078,Siegen,Dirk Nitschke,027183131,,info@9-p.de, http//www.9-p.de
ADFC Kreisverband Siegen-Wittgenstein,Verkehrsclub zur Förderung des Fahrradfahrens,Siegstraße 13,57250,Netphen,Hans-Gerhard Maiwald,027177109043,027172451,zentrale@adfc-siegen.de, http//www.adfc-siegen.de
Aquarienfreunde Siegerland e. V.,Siegens Aquarienverein - seit über 40 Jahren,Am Honigsmund 30,57080,Siegen,Ferdinand Wurm,0271353252,,ferdi-wurm@t-online.de, http//www.aquarienfreunde-siegerland.de
Deutsch-Mexikanische Gesellschaft e.V.,DMG - Verein zur Pflege Deutsch-Mexikanischer Beziehungen,Freudenberger Str. 454,57072,Siegen,Kurt Rausch,02713720119,02713720118,DMG-Siegen@T-Online.de, http//www.deutschmexikanisch.de
Deutscher Alpenverein Sektion Siegerland,Offizielle Sektion des Deutschen Alpenvereins...,Leimbachstraße 76,57074,Siegen,DAV Sektion Siegerland e. V.,0271336404,027133597013,sektion@dav-siegerland.de, http//www.dav-siegerland.de
Deutscher Amateur Radio Club Ortsverband Siegerland,Amateurfunk KW- UKW-Technik Völkerverständigung,Kapellenweg 15,57555,Mudersbach,Stefan Muhl (Ortsverband-Vorsitzender),02713878884,,dj8wk@darc.de, http//www.OV-O16.de
Fame-Fonds e.V.,,Goerdelerstr. 8,57072,Siegen,Krischan Schulte,02713180525,,naschirk@addcom.de,
Film- und Video-Club Siegerland,Videofilme besser machen ...,Zum Wolfsloch 27,57223,Kreuztal,Herr Hans-Peter Gebhardt,0273212460,0273212460,club@ fvc-siegerland.de, http//www.fvc-siegerland.de
Fotokreis Siegen e.V.,Der Fotokreis Siegen e.V. ist ein Zusammenschluss von Amateurfotografen...,Concordiastraße 16,57234,Wilnsdorf,Herr Hermann Schäl (1. Vorsitzender),027373719,,info@fotokreis-siegen.de, http//www.fotokreis-siegen.de
Harley Owner Siegerland e.V.,H.O.S.,Gutenbergstrasse 86,57078,Siegen,Hans Werner Strunk,,,kontakt@architekt-strunk.de, http//www.harley-owner-siegerland.de
IGS-Siegerland,Modellbauverein,Vorm Brand 26,57234,Wilnsdorf,Reiner Schmelzer,01719360578,,reiner.schmelzer@t-online.de, http//www.igs-Siegerland.de
Interessengemeinschaft Modellsegelflug e. V.,,Am Mühlenseifen 45,57072,Siegen,Ralf Rückes,027188047820,,skywing50@aol.com, http//ig-modellsegelflug.de
Jugendkunstschule Siegen-Wittgenstein e.V.,,Bismarckstr. 45,57076,Siegen,Herr Porschien,0271790690,0271790690,jukuschu@t-online.de, http//www.jugendkunstschule-siegen-wittgenstein.de
Jung-Stilling-Gesellschaft e.V.,Forschung Johann Heinrich Jung-Stilling,Postfach 10 04 33,57004,Siegen,Universitätsprofessor Dr. Gerhard Merk,,,merk@vwl.wiwi.uni-siegen.de dr.erich.mertens@t-on, http//www.uni-siegen.de/~stilling
Kunstverein Siegen,Herzlichen Willkommen beim Kunstverein Siegen...,Unters Schloß 1,57072,Siegen,Franz-Josef Weber,027121624,027121624,info@kunstverein-siegen.de, http//www.kunstverein-siegen.de
Modellbaufreunde Siegen,Interessengemeinschaft Plastikmodellbau,Talstrasse 63,57076,Siegen,Torsten Becker,01706052730,,info@modellbaufreunde-Siegen.de, http//www.modellbaufreunde-siegen.de
Modelleisenbahnclub Siegen,Modelleisenbahnclub - Siegen Siemensstr. 24 57074 Siegen,Friedrich-List-Straße 5,57074,Siegen,Wilhelm Schmidt,0271332821,,mec-siegen@t-online.de, http//www.modelleisenbahnclub-siegen.de
Naturfreunde OG Siegen,,Mörikestr. 46,57074,Siegen,Heinrich Killet,0271331939,0271331939,Naturfreunde-Siegen@web.de,
Sauerländischer Gebirgsverein Siegen e.V.,Wanderangebot,Ernst-Bach-Straße 4,57072,Siegen,Joachim Schmidt,02718706316,,info@sgv-siegen.de, http//www.sgv-siegen.de
SGV Weidenau,,Känerbergstr. 44,57076,Siegen,Joachim Meinhard,027143121,027143121,joachim.meinhard@t-online.de, http//www.sgv-weidenau.de
Siegerland.org e. V.,Der Siegerländer Heimatverein im Internet,Edelweißweg 1,57072,Siegen,Martin Schuß,02712381830,,info@siegerland.org, http//www.siegerland.org
Siegerländer Modellsportclub e.V.,Modellflugverein...,Postfach 210 729,57031,Siegen,Udo Hintermaier,0271370982,,U.Hintermaier@gmx.de, http//www.smc-siegen.de
Theatergruppe Die wilde 13 des Volksvereins Nied,,Eiserfelder Hütte 33,57080,Siegen,Ute Velte,0271382121,,theatergruppe_diewilde13@yahoo.de, http//de.geocities.com/theatergruppe_diewilde13/
Verein für Briefmarkenkunde und Postgeschichte 1908,Verein für Freunde der Briefmarken und Postgeschichte,Im Hainchen 37,57076,Siegen,Dr. Manfred Wagner,027143131,027143231,M.Wagner-Siegen@t-online.de, http//www.briefmarkenverein-siegen.de
VSG Eiserntal-Eisern Wanderfreunde,Wanderverein,Im Dudenbach 29a,57234,Wilnsdorf,Kurt Sälzer,027393343,,kurt.saelzer@t-online.de,
1. FCKV,Förderclub für Kleinkunst und Varieté,St.-Johann-Str. 18,57074,Siegen,Jutta Hartmann,02713332448,0271331073,info@siwikultur.de,
ARGE Klafeld - Geisweid - Dillnhütten,Arbeitsgemeinschaft der Vereine der ehemaligen Gemeinden Klafeld - Geisweid - Dillnhuetten,Setzer Strasse 47,57223,Kreuztal,Ralf Schneider,027188151,02714058592,ralf.schneider.kreuztal@t-online.de, http//www.klafeld-geisweid.de
BdP Pfadfinderstamm Hubertus Siegen e.V.,Pfadfinderstamm,Blücherstr. 8a,57072,Siegen,Ralf Jakubowski,027153900,,bdp@stamm-hubertus.de, http//www.stamm-hubertus.de
Förderkreis Kirchenmusik in St. Joseph Weidenau Siegen-Weidenau e.V.,Finanzielle Unterstützung der Kirchenmusik in St. Joseph,Graf-Luckner-Straße 85,57072,Siegen,Tanja Wagener,027125056878,02712503404,tawagener@gmx.net, http//www.kammerchor-weidenau.de
Förderverein der Freiwilligen Feuerwehr Eiserfeld e.V.,,Lindenstraße 58,57080,Siegen,Jürgen Denker,0271381829,,jdenkerzug11@aol.com,
Förderverein der Grundschule Dreisbach e.V.,,Martin-Luther-Str. 30,57080,Siegen,Günther Albrecht,0271311131,02713190419,guenther_albrecht@freenet.de,
Förderverein der Grundschule Kaan-Marienborn e.V.,Förderverein der Grundschule in Kaan-Marien und Träger der Betreuungseinrichtung,Ferdinandstraße 24,57074,Siegen,1. Vorsitzender: Michael Enders,,,dkv-me@gmx.de, http//www.gs-kaan-marienborn.de/foerderverein.htm
Förderverein des Evangelischen Gymnasiums Siegen e.V.,,Im Tiergarten 5-7,57076,Siegen,Ulla-Sabine Meyer,,,mail@evau-siegen.de, http//www.evau-siegen.de
Förderverein FF Siegen Löschzug Weidenau e.V.,,Stockweg 9,57076,Siegen,Michael Klein,01778342467,,michelklein@alice-dsl.net, http//www.feuerwehr-weidenau.de
Förderverein FFw Meiswinkel e.V.,,Heestalstraße 9,57078,Siegen,Reinhard Moll,027323878,027323878,reinhardmoll@t-online.de,
Förderverein Freiwillige Feuerwehr Achenbach e.V.,,Im Samelsfeld 57,57072,Siegen,Herr Klaus Manfred Simmert,02712341275,02712341420,simmert-klaus-m@t-online.de, http//www.feuerwehr-achenbach.de
Förderverein Freiwillige Feuerwehr Birlenbach,,Birlenbacher Str 160,57078,Siegen,Volker Grüdelbach,0271870132,,h-schwunk@web.de, http//www.feuerwehr-birlenbach.de
Förderverein Freiwillige Feuerwehr Klafeld-Geisweid,Feuerwehr Geisweid,Setzer Strasse 47,,Siegen,Ralf Schneider,+4927188151,+492714058592,Ralf.Schneider.Kreuztal@T-Online.de, http//Feuerwehr-Geisweid.de
Förderverein Freiwillige Feuerwehr Langenholdinghausen e.V.,,Holzklaustraße 10,57078,Siegen,Frank-Hermann Müller (Kassierer),027189145,02714044728,hollekusse@compuserve.de, http//feuerwehr-langenholdinghausen.de
Förderverein Freiwillige Feuerwehr Niederschelden e.V.,,Bogenstraße 74,57080,Siegen,Susanne Kaphammel,,,s.kaphammel@siegen.de,
Förderverein zur Erhaltung des Naturfreibades Seelbacher Weiher e.V.,Der Seelbacher Weiher liegt am Rande der Stadt Siegen mitten im Grünen. Neben dem Sonnen und Schwimmen lädt der Seelbacher Weiher auch  zum  Ausspannen und Spielen ein...,Bubergstr. 78,57072,Siegen,Reinhilde Katz,0271370771,,udobottenberg@t-online.de, http//www.seelbacher-weiher.de
HFS-Förderverein historischer Flugsport Siegen-Eisernhardt.e.V,,Gilbergstr.74,57080,Siegen,Robert Grisse,,,info@hfs-eisernhardt.de, http//www.hfs-eisernhardt.de
Kirchbauverein Siegen-Lindenberg e.V.,Der Kirchbauverein Siegen-Lindenberg unterstützt als Förderverein...,Wetzlarer Straße 95,57074,Siegen,Volker Meyer,027156152,027156152,volker_helmut.meyer@web.de,
Radioförderverein Siegerland-Wittgenstein,Bürgerfunkproduktionen Sendungen Qualifizierungen Produktionshilfe Verwaltung der Sendebeiträge,Hohler Weg 74,57074,Siegen,Herbert Perl /Henning Klaus,02718708165,02718708165,rw4601@aol.com, http//www.radiowerkstatt.top.ms
Ärzteverein Siegerland e.V.,Ärzteverein,Denkmalsweg 35,57080,Siegen,Günter R. Zimmermann,0271351441,0271381642,aerzte-siegen@online.de, http//www.aerzte-siegerland.de
Fischbacherberg aktiv e.V,,Kolberger Str. 32,57072,Siegen,Wolfgang Peun,0271312731,,wolfgangpeun@aol.com,
Heimat- und Verschönerungsgruppe im Volksverein Niederschelden e.V.,,Gorch-Fock-Straße 4,57080,Siegen,Herr Friedrich Schmidt,0271352405,,f.schmidt@heimatgruppe-niederschelden.de, http//www.heimatgruppe-niederschelden.de
Heimatverein Birlenbach e.V.,Verein zur Förderung der Heimatpflege Heimatkunde und der Heimatgeschichte,Birlenbacher Straße 195,57078,Siegen,Jürgen Bohn,027187985,02713039242,j-e.bohn@t-online.de,
Heimatverein Eisern e.V.,Alte Kapellenschule mit Heimatmuseum,In der Peeke 28,57080,Siegen,Klaus Eckhardt,0271392618oderDienstlich02715012232,,eckhardteisern@aol.com,
Siegerländer Heimat- und Geschichtsverein e.V.,,Kornmarkt 26,57072,Siegen,Geschäftsstelle Siegerländer Heimat- und Geschichtsvereins,02714041482,02714041482,info@siegerlaenderheimatverein.de, http//www.siegerlaenderheimatverein.de
Verein für Siegerländer Bergbau e.V. (VSB),Rekonstruktion und Erhalt von Relikten des Bergbaus Archivierung von Dokumentationen Karten Berichten Foto und Film zu diesem Themenbereich. Durchführen von Exkursionen im regionalen und überregionalen Bergbaugebieten.,Glockenstr. 15,57250,Netphen,Thomas Kettner,0273797247,,info@bergbau-siegerland.de, http//www.bergbau-siegerland.de
Jugendrotkreuz,Jugendgruppe des DRK Ortsverein Niederschelden e.V.,Maccostraße 12 a,57080,Siegen-Niederschelden,Kai Schütz,0271356541,,drk-niederschelden@web.de, http//www.drk-niederschelden.de
RaBauKi e.V.,,Obere Metzgerstraße 15,57072,Siegen,Frank Moschner,02712330198,,info@rabauki-siegen.de, http//www.rabauki.de
Familienzentrum Siegerländer Kindergruppe e.V.,Kindertagesstätte,Striegelborn 15,57080,Siegen,Frau Schneider,0271355160,02718095925,info@siegerlaender-kindergruppe.de, http//www.siegerlaender-kindergruppe.de
Verein Hilfe zum Leben e.V. / Ev.-Freik. Kindertageseinrichtung Arche Noah,Kindertageseinrichtung,Numbachstraße 9,57072,Siegen,Frau Thomas,02713300110,02713300242,leitung@kita-arche-noah-siegen.de, http//www.kita-arche-noah-siegen.de
Verein Hilfe zum Leben e.V. / Ev.-Freik. Kindertageseinrichtung Regenbogen,Kindertageseinrichtung / Familienzentrum,Heidenbergstraße 1c,57072,Siegen,Frau Wegner,02713134000,027123418810,leitung@kita-regenbogen-siegen.de, http//www.kita-regenbogen-siegen.de
Arbeitsgemeinschaft Siegerländer Künstler,Künstlergruppe in Siegen seit 1922,Koblenzer Str. 7,57072,Siegen,Mark Sauer Deutsche Bank AG,0271597211,0271597499,info@ask.siegen.de, http//www.ask-siegen.de
Deutsch-Amerikanische Gesellschaft Siegerland-Wittgenstein e.V.,Verein zur Förderung der deutsch-amerikanischen Freundschaft,Heidenbachswald 30,57234,Wilnsdorf,Volker Schüttenhelm,027150148006,032128704420,secretary@dagsiwi.de, http//www.dagsiwi.de
Deutsch-Philippinischer Freundschaftsverein Siegen e.V.,,Sonnenstraße 4,57078,Siegen,Norbert Jung,027185368,027185368,nobbyjung@arcor.de,
Gesellschaft für Deutsch-Chinesische Freundschaft Siegen e.V.,,Hüttseifen 13,57250,Netphen,Frau Isolde Gomberg,027178110,02717420306,isolde.gomberg@web.de, http//www.gdcfsiegen.de
Gesellschaft für Friedenserziehung e.V.,Durch Friedensarbeit soll ein menschliches Alltagsverhalten gefördert werden das durch Gewaltfreiheit Mitmenschlichkeit Gerechtigkeit und Nachhaltigkeit im Alltag geprägt ist um so eine Kultur des Friedens aktiv zu fördern...,Kölner Str. 11,57072,Siegen,Bernhard Nolz,02712382521,02712390985,kontakt@friedenskultur.de, http//www.friedenskultur.de
HaSi e.V.,Hackspace Siegen,Effertsufer 104,57072,Siegen,Katharina Reinhardt,,,kontakt@hasi.it, http//www.hasi.it
Siegener Kulturverein e.V.,,Frankfurter Straße 58,57074,Siegen,Patrick Pahner,02712318948,,info@kultur-und-bildung-siegen.de,
StyleFiasko e.V.,Verein zur Förderung der HipHop-Kultur,Siegstraße 89b,57076,Siegen,Andreas Unverzagt,,,info@stylefiasko.de, http//www.stylefiasko.de
Theatergruppe TheatraPack Siegen,Theater mit Herz und Humor -  TheatraPack,Probenörtlichkeit im Gemeindezentrum Erlöserkirche in der W,57074,Siegen,Eckhard Reinschmidt,02734479208,,th.utsch@web.de,
Verein zur Förderung von Kunst &amp Kultur im Siegerland,VEB Politik Kunst + Unterhaltung,Marienborner Straße 16,57074,Siegen,Manuela Sommer,027120312,,oeffentlichkeit@veb-siegen.de, http//www.veb-siegen.de
Bläserchor Geisweid,Der Bläserchor Geisweid gehört zur Freien evangelischen Gemeinde Siegen-Geisweid ...,Im Wiesental 39,57078,Siegen,Helmut Schnell Andreas Findeklee,027183193,,info@blaeserchor-geisweid.de, http//www.brassband-geisweid.de
Chorgruppe Euterpe 1853 Siegen e.V.,Hiermit laden wir herzliche alle Interessierten und Sangesfreudigen ein ...,Am Lohgraben 57,57074,Siegen,Michael Stahl,027122879,,info@euterpe-siegen.de, http//www.euterpe-siegen.de
Collegium Musicum Siegen e.V.,Sinfonieorchester,Auf dem Eudchen 15,57258,Freudenberg,Vorstand: Hans Ulrich Benz Monika Sasse Christine Klappert,02732590550,,vorstand@collegium-musicum-siegen.de,
Coverband xtry,xtry die Live Coverband,Annaweg 27,57223,Kreuztal,Andreas Schattinger,0273282541oder01716014783,,info@xtry.de, http//www.xtry.de
CVJM-Posaunenchor Kaan-Marienborn,,Rehbachstraße 17,57074,Siegen,Simon von der Heyden,027164160,,info@posaunenchor-kaan-marienborn.de, http//www.posaunenchor-kaan-marienborn.de
dee 2 - Verein für moderne Musik und Kultur e.V.,,Hauptstraße 86,57074,Siegen,Herr Torben Erfurth,02712337680,,mail@dee2.de, http//www.dee2.de
Ensemble Cantemus Siegen e.V.,Gemischter Chor Ensemble Cantemus Siegen e.V.,Am Bastenberg 2,57072,Siegen,Gottfried Herrmann,02713720012,,gottfried@herrmann-musik.de, http//www.ensemble-cantemus-siegen.de
GV Eintracht 1853 Eisern,Männerchor,Eiserntalstraße 482,57080,Siegen,Hans Georg Immel,0271390111,,vorstand@gv-eisern.de, http//www.gv-eintracht-eisern.de/
Kinder- und Jugendchor Siegen-Süd,Chor für Menschen zwischen 5 und 35 (oder älter) Jahren,Birkenweg 31,57080,Siegen,Helmut Utsch,02713510804,,info@kinder-jugendchor-siegen.de, http//www.kinder-jugendchor-siegen.de
Limited Edition - Musical and more e. V.,Musical- und Showformation,Am Köppel 37,57072,Siegen,Tobias Hellmann,02717032668,,info@faszinationmusical.com, http//www.faszinationmusical.com
MGV Harmonie Setzen,Leistungsstarker Männerchor mit viel Spaß am Singen und Feiern,Braasfeld 8,57078,Siegen,Wilfried Engelhard,0271800526,,we_setzen@surfeu.de, http//www.harmonie-setzen.de
Original Siegener Stadtmusikanten,10 Jahre Stimmung und Fröhlichkeit...,Oberstraße 46,57076,Siegen,Herr Dieter Steinhorst,027171945,027171945,,
pro musica sacra,Blechbläserensemble,Am Schiefen Weg 15,57223,Kreuztal,Reiner Klappert,0273281878,,reiner.klappert@promusicasacra.de, http//www.promusicasacra.de/
Siegener Blasorchester,Blasorchester...,Friedrich-Wilhelm-Strasse 47,57074,Siegen,Hermann Löcherbach (1. Vorsitzender),027157579,,SiegenerBlasorchester@gmx.de,
SIegener Saxophon Quartett,Siegener Saxophon Quartett Kammermusikalisches Ensemble,Am Fichtenhang 6,57072,Siegen,Herr S. Trögel,02712319731,,stefan@saxophon-quartett.de, http//www.saxophon-quartett.de
Siegerländer Bergknappenkapelle Niederschelden,Blasorchester,Am Lohberg 25,57290,Neunkirchen,Werner Schönau,0273560504,02735770797,werner.schoenau@t-online.de, http//www.bergknappen.de
Spielmannszug der Freiwilligen Feuerwehr Siegen-Oberschelden,Spielmannszug,Heuslingstraße 503,57258,Freudenberg,Thomas Jung,0273440653,,tb.jung@gmx.de,
Union-Spatzen,Der älteste Kinder- und Jugendchor im Siegerland,Kleeweg 2a,57072,Siegen,Birgit Fey,0271374192,,mail@union-spatzen.de, http//www.union-spatzen.de
Union-Spatzen,Kinderchor Jugendchor,Aehlstraße 25,57074,Siegen,Miriam Kring,02712502189,02712365723,mail@union-spatzen.de, http//www.union-spatzen.de
Yaipada e.V.,Gospel Chor aus Siegen,Rehbachstraße 28,57074,Siegen,Eckhard Müller,02713300527,,info@yaipada.de, http//www.yaipada.de
CDU - Ortsverband Eiserfeld,,Bühlstr. 144,57080,Siegen,Michael Heupel,02713829436,,michael.heupel@cdu-si.de,
Christian Revival Church e.V.,Penticostal Church,Freudenbergerstr.20,57072,Siegen,Pastor Gabriel Atembeh Forsong,02713878545,02713878569,crcsiegen@yahoo.com,
DİTİB - Türkisch Islamische Gemeinde zu Siegen e.V.,,Zum Wildgehege 3A + 5A,57078,Siegen,Herr Colak,02718772301775712910,02713131128,info@ditib-siegen.de, http//www.ditib-siegen.de
Evangelisch-methodistische Kirche (EmK),EmK = offenes Christsein verbindliche Gemeinschaft christuszentrierter Glaube,Hans-Kruse-Str. 23,57074,Siegen,Joachim Weber,0271331140,,siegen@emk.de, http//www.emk-siegen.de
Jesus Freaks Siegen e.V.,junge christliche Gemeinde,Friedrichstr. 134,57072,Siegen,S. Koppen,01604639268,,jesusfreakssiegen@web.de, http//www.jesusfreakssiegen.de
Schulverbund BLICK ÜBER DEN ZAUN e.V.,,Adolf-Reichwein-Straße 2,57068,Siegen,Wolfgang Harder / Hans Brügelmann / Axel Backhaus,02717404716,02717402509,blickueberdenzaun@uni-siegen.de, http//www.blickueberdenzaun.de
Kyffhaeuser-und Schützenkameradschaft Siegen von 1870 e.V.,Schützenverein mit Jugendabteilung,Ypernstraße 192,57072,Siegen,Herbert Bäumer,0271310516,02713174428,baeumer-siegen@online.de, http//www.kyffhaeuser-siegen.de
Schützenverein Eiserfeld 1935 e.V.,,Tretenbach 21,57080,Siegen,Jörg Schneider,0271352013,0271381087,JOER.SCH@gmx.de, http//www.sv-eiserfeld.de
Schützenverein Kaan-Marienborn e.V.,Schießsport Geselligkeit Tradition,Körnerstraße 21,57072,Siegen,Sportleiter Roland Schür,027154975,,roland.schuer@t-online.de, http//www.sv-kaan-marienborn.de
Schützenverein Meiswinkel,Internetauftritt vom Schützenverein Meiswinkel,Rotenhain 1,57078,Siegen,Axel Blöcher,0273221829,,info@sv-meiswinkel.de, http//www.sv-meiswinkel.de
Schützenverein Weidenau 1957 e.V.,Schießsport Jugendarbeit Geselligkeit Tradition,Köhlerweg,57076,Siegen,Peter Fischer,027163072,,,
Sportschützen Hengsbach &amp Almer 1951 e.V.,,Flußbergstr. 58,57080,Siegen,Sportleiter Friedhelm Krombach,0271356239,,webmasterteam@hengsbach-almer.de, http//www.hengsbach-almer.de
Sportschützenverein Achenbach von 1962 e.V.,,Im Langenseifen 7,57072,Siegen,Herr Thorsten Wecker,02713190139,,th.wecker@web.de,
die Lanzenritter e.V.,mittelalterliche Reiterei,Rathausstraße 1,35685,Dillenburg,Rüdiger Lange,01708022842,,ruedilange56@freenet.de, http//www.lanzenritter.de
Die Tierfreunde e.V.,Tierrechtsorganisation,In der Hubach 60,57080,Siegen,Tanja Günther,02713177680,02713177906,info@die-tierfreunde.de, http//www.die-tierfreunde.de
Haus &amp Grund Hüttental und Umgebung e.V.,Ortsverein der bundesweiten Eigentümerschutzgemeinschaft Haus &amp Grund,Rathausstraße 7,57078,Siegen,Rechtsanwalt Andreas Wagener,027187353,02714058515,hausundgrundhuettental@t-online.de,
Haus &amp Grund Niederschelden e.V.,,Siegtalstraße 190,57080,Siegen,Thomas Mager,02713510349,02713510423,RAMAGERSIE@aol.com,
ISG Immobilien- und Standortgemeinschaft Oberstadt Siegen e.V.,,Löhrstraße 28,57074,Siegen,Harald Hahn,02714057011,02714057022,info@isg-oberstadt.de, http//www.isg-oberstadt.de
ISiS - International Students in Siegen e.V.,fachbereichsübergreifende Initiative von Studierenden,Hölderlinstraße 3,57072,Siegen,Vorstand,,,isis@uni-siegen.de, http//www.isis-siegen.de
Islamisches Gemeindezentrum Siegen e. V.,,Königstr. 1a,57078,Geisweid,Herr Mete,02718708110,02718708110,IGZ-Siegen@web.de,
Katholische Kirchengemeinde St. Michael,Infos rund um St. Michael,Kampenstr. 46,57072,Siegen,Pfarrer Wolfgang Winkelmann,027141977,027142297,info@sankt-michael-siegen.de, http//www.sankt-michael-siegen.de
Katzenschutz-Verein Siegen e.V.,,Im Wolfseifen 4,57072,Siegen,Norbert Koch,02713720031,,kontakt@katzenschutz-siegen.de, http//www.katzenschutz-siegen.de
Landwirtschaftliche Gemeinschaft Siegerland e.V.,Sozial- und umweltkulturelle Initiative,Birkenhof 2,57234,Wilnsdorf,Eckhard Jungclausen,0273947698,027394245,info@birkenhof.de, http//www.birkenhof-siegerland.de
Notgemeinschaft Hilfe am Grabe Eiserfeld,Sterbekasse,Gartenstraße 105,57080,Siegen,Detlev Nigge,0271385254,,infosterbekasse@aol.com, http//www.sterbekasse-eiserfeld.de
Notgemeinschaft Hilfe am Grabe Birlenbach,Sterbekasse,Abendröthe 14,57078,Siegen,Werner Heinbach,027184601,,,
Oberschelder Schlepperfreunde e. V.,Traktoren und Landtechnik,Vor der Hohler 6,57080,Siegen,Frank Brümmer,0271356274,,frankbrummi@hotmail.com,
Red Dragon's MC Germany 1979,Motorradclub im alten Stil,wird noch bekannt gegeben,57072,Siegen,Micha,,,red-dragons-mc@web.de, http//www.red-dragons.de
Rettungshundestaffel Siegen-Wittgenstein e.V.,Rettungshundestaffel mit Sitz in Siegen,Zur Dreispitz 18,57299,Burbach,Holger Schulz,027454010745,,info@rhs-siwi.de, http//www.rettungshundestaffel-siegen-wittgenstein.de
Sachverständige für Feuchte- und  Schimmelpilzschäden e. V.,Sachverständige für Feuchte- und Schimmelpilzschäden e. V.,Eiserfelder Straße 316,57080,Siegen,Wolfgang Maasjost,02713869118,02713869117,wm@sfs-ev.de, http//www.sfs-ev.de
Schlaraffia an der Sieg e.V.,Pflege von Kunst Freundschaft und Humor,Zum Söhler 52,57076,Siegen,Kurt Randolf Spiess,027179391,027179391,ragisi@aol.com, http//www.AnDerSieg.de
Stadtjugendring Siegen e.V.,Arbeitsgemeinschaft der Siegener Jugendgruppen und Verbände,Weidenauer Straße 211 - 213,57076,Siegen,Wolfgang Schollmeyer,02714042221,,w.schollmeyer@siegen.de, http//www.stadtjugendring.org
Tierhilfe West e.V.,,Bogenstr. 75,57080,Siegen,Frank Ohlig,02712400222,02712400224,info@tierhilfe-west.de, http//www.tierhilfe-west.de
Tierschutzverein Alchetal e.V,Ein Verein der auch Nutztiere aufnimmt und schützt,Tiergartenstr. 41,57072,Siegen,Heidi Mattick,027120118,02712346601,info@tierschutzverein-alchetal.de, http//www.tierschutzverein-alchetal.de
Tierschutzverein für Siegen und Umgebung e.V.,Tierschutz und Tiervermittlung,Heidenbergstraße 80,57072,Siegen,Horst Reimann,0271310620,0271311080,info@tierheim-siegen.de, http//www.tierheim-siegen.de
Verein für soziale Arbeit und Kultur Südwestfalen,soziale Beratung und Kulturarbeit,Sandstr.12,57072,Siegen,Telefon: 0271/55763,027155763,027155763,VAKS-eV@gmx.de,
Verein zur Unterstützung des Technischen Hilfswerk Siegerland e.V.,THW Siegen Helferverein e.V.,Numbachstrasse 2,57072,Siegen,Henrik Keßler,027152350,,verein@thw-siegen.de, http//www.thw-siegen.de
Vereinigung für Artenschutz und Vogelzucht (AZ) e.V.,AZ-Ortsgruppe 108 Siegen und Umgebung,Am Nöchel 14,57223,Kreuztal,Kryschan Elfie (1. Vors.),0273257594,,elfie.kryschan@az-siegen.de, http//www.vogelverein-siegerland.de/
VW-Porsche 914 Club Siegerland e.V.,Oldtimer VW-Porsche 914 Club,Goethestr. 19,57250,Netphen,Marc Perkovic,0271780780,0271780780,info@914-siegerland.de, http//www.914-siegerland.de
Blaues Kreuz Eiserfeld e.V.,Suchtkrankenhilfe / Vermietung Freizeitheim (Selbstversorger),Bonifatiusweg 8,57080,Siegen,Klaus-Jürgen Schütz,0271311115,,JoUtsch@aol.com, http//www.haus-lebensquell.org
Blaues Kreuz in Deutschland e.V. Ortsverein Eiserfeld,,Eiserntalstraße 86,57080,Siegen,Karl Ludwig,,,eiserfeld@blaues-kreuz.de, http//www.blaues-kreuz.de/eiserfeld
CVJM Eiserfeld e.V.,CVJM in Eiserfeld,Zum Obstgarten 15,57080,Siegen,Ralf Schumann Vereinsvorsitzender,02713510370,,info@cvjm-eiserfeld.de, http//www.cvjm-eiserfeld.de
CVJM Eisern e.V.,Christlicher Verein junger Menschen e.V.,Haferrain 5,57080,Siegen,Arnd Krämer,0271392227,,arnd.kraemer@cvjm-eisern.de, http//www.cvjm-eisern.de
CVJM Gosenbach,Christlicher Verein Junger Menschen,Keppelscher Hof,57080,Siegen,Karl Wagner,0271353489,02713500282,info@cvjm-gosenbach.de, http//www.cvjm-gosenbach.de
CVJM Weidenau e.V.,,Am Friedrich-Flender-Platz 8,57076,Siegen,Susanne Hoffmann Stein,027141297,,info@cvjm-weidenau.de, http//www.cvjm-weidenau.de
Deutsche Epilepsievereinigung Landesverband NRW gem.e.V.,Deutsche Epilepsievereinigung Landesverband Nordrhein-Westfalen e.V.,Am Hamerich 3,57074,Siegen,Marc Vervenne,02712316290,02712316291,marc.vervenne@tele2.de, http//www.de-nrw.de
Deutsche Epilepsievereinigung Landesverband NRW gem.e.V.,Epilepsiekontaktstelle.,Daimlerstr. 59,57072,Siegen,Herr Marc Vervenne,0271231629001726417171,02712316291,info-epilepsie-siegen@t-online.de, http//www.de-nrw.de/index.php?id=index
DiverSIty e.V.- lesBische Frauen und Transgender,LesBische Frauen und Transgender,Freudenberger Straße 67,57078,Siegen,DiverSIty e. V.,027153297,02712383550,diversity-siegen@gmx.de, http//www.diversity-siegen.de
DRK Kaan-Marienborn e.V.,,Vereinsheim: Augärtenstraße 2,57074,Siegen,Klaus Dieter Welsch (Rotkreuzleiter),01715181880,,info@drk-kaan.de, http//www.drk-kaan.de
DRK Kreisverband Siegen-Wittgenstein e.V.,DRK Kreisverband,Bismarckstraße 68,57076,Siegen,Herr Henze,0271337160,02713371666,info@drk-siegen-wittgenstein.de, http//www.drk-siegen-wittgenstein.de
DRK Ortsverein Niederschelden e. V.,Homepage des DRK Ortsvereins Niederschelden e. V.,Freiengründer Str. 76,57080,Siegen,Hans-Uwe Schütz,0271356541,,drk-niederschelden@web.de, http//www.drk-niederschelden.de.am
DRK Siegen-Nord e.V.,Rotkreuzgemeinschaft Siegen-Nord e.V,Schneppenkauten 1,57076,Siegen,Joachim Steinbrück,027173532,02714058341,info@ov-siegen-nord.drk.de, http//www.drk-siegen-nord.de
DRK Stadtverband Siegen,DRK Stadtverband Siegen,Kontakt:,E-Mail:,info@drkinsiegen.de,E-Mail: info@drkinsiegen.de,,,info@drkinsiegen.de, http//www.drkinsiegen.de
HsM Initiative gegen Gewalt im Alter e.V.,Niederschwelliges Angebot für Senioren,St.-Johann-Str. 7  MGZ Martini,57074,Siegen,Karin Kulik,02716609787,027125049777,hsm-siegen@arcor.de, http//www.hsm-siegen.de
Jugendrotkreuz Kaan-Marienborn,Jugendrotkreuz Kaan-Marienborn...,Beitenbacher Str. 4,57074,Siegen,Markus Epple,027162252,027165099,markus-epple@web.de, http//www.jrk-kaan.de.vu
Lebendiges Haus e.V.,Mehrere Generationen unter einem Dach ...,Melanchtonstraße 61,57074,Siegen,Clemens M. Kolbe,02712316679,027151446,info@lebendiges-haus.de, http//www.lebendiges-haus.de
Malteser Hilfsdienst e. V.,Hilfs- u. Rettungsorganisation,Hüttenstraße 16 c,57078,Siegen,Stadtverband Siegen,027185611,02713178641,info@malteser-siegen.de, http//www.malteser-siegen.de
MB-SI - Mehr Breitband für Siegen-Wittgenstein e.V.,,Dellweg 20,57078,Siegen,A.Vetter,,032121468618,info@mb-si.de, http//www.mb-si.de
MS (Multiple Sklerose) Selbsthilfegruppe Siegen e.V.,MS Selbsthilfegruppe,Waldstraße 110,57080,Siegen,Birgit Rabanus,0271350368,,info@ms-shg-si.de, http//www.ms-shg-si.de/
Mutter-Kind-Hilfswerk e.V.,Mutter-/Vater-Kind-Kurberatung,Lohweg 25 b,57076,Siegen,Anne Krüger,0271790797,027176973,kurberatung@t-online.de, http//www.mukikurberatung.de
Mütterzentrum Siegen e.V.,Von Müttern für Familien,Ziegelwerkstraße 54,57074,Siegen,Ramona Röther,027120449,,info@muetterzentrum-siegen.de, http//www.muetterzentrum-siegen.de
Notgemeinschaft Hilfe am Grabe Birlenbach,Sterbekasse,Abendröthe 14,57078,Siegen,Werner Heinbach,027184601,,,
Notgemeinschaft Hilfe am Grabe Eiserfeld,Sterbekasse,Gartenstr. 105,57080,Siegen,Detlev Nigge,0271385254,,infosterbekasse@aol.com, http//www.sterbekasse-eiserfeld.de
Notgemeinschaft Hilfe am Grabe Klafeld-Geisweid,Sterbekasse,Am Steinbruch 9,57078,Siegen,Hermann Lohölter,027183156,,hermann.lohoelter@gmx.de,
Psychosoziale Unterstützung e.V.,Unterstützung von belasteten Einsatzkräften,Weidenauer Straße 270,57076,Siegen,Karl-Heinz Richter,02714044744,02714044728,k.richter@siegen.de, http//www.psu-siwi.de
respAction e. V.,respAction e.V. ist ein gemeinnütziger Verein mit einem jungen motivierten Team welcher erlebnis- abenteuer- und naturpädagogische Seminare Trainings und Events im In- und Outdoorbereich anbietet.,Strucksfeld 10,42499,Hückeswagen,Christine Schneider,+4971511733334,+4971511733335,info@respaction.com, http//www.respaction.com
Schwule Initiative Siegen e. V.,Selbsthilfe für Les-bi-schwule und Transgender,Freudenberger Straße 67,57072,Siegen,Ansgar Cziba,027153297,02712383550,info@andersroom.de, http//www.andersroom.de
Sterbekasse Hilfe am Grabe Gosenbach,Sterbekasse,Denkmalsweg 35,57080,Siegen,Günter Zimmermann,0271351441,0271381642,grabhilfe-gosenbach@online.de, http//www.hilfe-am-grabe-gosenbach.de
Sterbekasse Kaan-Marienborn/Weidenau a.G.,Versicherungsverein auf Gegenseitigkeit,Rödger Str. 62,57074,Siegen,Geschäftsführer: Rudi Werner,02713032471,02713032450,sterbekasse.kaan-marienborn.weidenau@mail.de,
Sterbekassen-Verein Siegen Versicherungsverein auf Gegenseitigkeit - gegr. 1857,Sterbekasse,Marienweg 12,57555,Mudersbach,Reiner Senner,0271353687,02713878128,sterbekassenverein-siegen@t-online.de, http//www.sterbekassenverein-siegen.de
Sterbekassenverein a.G. Siegen-Kaan-Marienborn,Sterbekassenverein a.G.,Rödger Str. 62,57074,Siegen,Klaus Hambloch Rudi Werner,02713032471,02713032450,sterbekassenverein.kaan-marienborn@arcor.de,
Türkisch-Deutscher Elternverein e. V. (TÜDEV),TÜDEV baut Brücken mit Bildung.,Obere Kaiserstraße 6,57078,Siegen,Gül Ditsch,,,tuedev@gmail.com, http//www.tuedev.eu
Verein Deutsch - Türkischer Akademiker e.V.,Nachhilfeschule Kulturveranstaltungen etc.,Sohlbacherstr.20,57078,Siegen,Serdar Han Ceyhan,02713032910,02713032910,info@vdta-siegen.de, http//www.vdta-siegen.de
Verein für Soziale Arbeit und Kultur Südwestfalen e.V.,Soziale Beratung und Kulturarbeit ...,Sandstraße12,57072,Siegen,Telefon: (0271) 38783-0,0271387830,02713878320,info@vaks.info, http//www.vaks.info/
1. Amateur-Boxclub Siegerland e.V.,Gründungsjahr: 1956,Postfach 100146,57001,Siegen,Andreas Hemp,01601116150,,abc.andreas@aol.de,
1. Badminton Club Siegen e.V.,,Bubergstraße 105,57072,Siegen,Regina Schlosser,027137602,,regina@schlosser-si.de, http//www.bc-siegen.de
1. FC Dautenbach 1958 e.V. Siegen,Ein Verein im Herzen der Region,57076 Siegen,,Kontakt:,Jochen Strauch Thomas Sieper,0271485091oder,,strauch@fcdautenbach.de / webmaster@fcdautenbach.d, http//www.fcdautenbach.de
1. FC Sieghüttte 1997,Ein Verein für jedes Hobbyturnier in Sachen Fussball!,Bergmannsweg 40,57080,Siegen,Michael Schneider,02713824019,,info@sieghuette.de, http//www.sieghuette.de
Abt. Aikido der Judovereinigung Siegerland e.V.,Aikido in der Judo-Vereinigung Siegerland e.V.,Sieghütter Hauptweg 9,57072,Siegen,Thomas Sieler,027142379,0271484192,info@aikido-in-siegen.de, http//www.aikido-in-siegen.de
AC Siegen e.V.,KDK im Siegerland und Umgebung.,Hochstr. 5a,57076,Siegen,Iris Kunkel,027171994,027171994,acsiegen@web.de, http//www.acsiegen.de
AIKIDO COOPERATION INTERNATIONAL,,Untere Dorfstraße 165,57074,Siegen,Geschäftsstelle des A.C.I.,027164128,02716609427,info@aikido-aci.de, http//www.aikido-aci.de
AIKIDO DOJO SIEGEN,,Barbaraweg 20,57076,Siegen,Geschäftsstelle,027164128und6609427,02716609428,info@aikido-siegen.de, http//www.aikido-siegen.de
Aikido im TuS AdH Siegen-Weidenau,Aikido,Köhlerweg 20,57076,Siegen,S. Leiendecker &amp Marion Peter,01772397748,,info@aikido-weidenau.de, http//www.aikido-siegen-weidenau.de
ASC Siegen e.V.,,Postfach 210227,57026,Siegen,Björn Bachmann,016096746780,,spielbetrieb@siegensentinels.de, http//www.siegensentinels.de
Automobil- und Yachtclub Siegerland e.V.,Segelclub an der Sonderner Talbrücke (Biggesee),In der Burbach 13,57223,Kreuztal,Eckhard Arbes (1. Vorsitzender),02732896660,02732896690,e.arbes@aycs-bigge.de, http//www.aycs-bigge.de
Badminton Kreisverband Siegerland-Wittgenstein e.V.,,Welterstraße 56,57072,Siegen,Ulrich Laber,02714852081,02714852082,ulrich.laber@badminton-nrw.de,
BC Buchen (Badmintontreff Buchen),Badminton mit netten Leuten. Spaß und Sport.,Buchener Strasse 26,57078,Siegen,Thomas Vetter,027186782ab19.00,02712390438,Th.Vetter@vetter-siegen.de, http//www.badmintontreff-buchen.de.vu
Billard Club Siegtal 1989 e.V.,Billard,Hohler Weg 75,57072,Siegen,Klaus Schumacher,02712509297,,info@bc-siegtal.de, http//www.bc-siegtal.de
Bogensportclub Siegen e. V.,Kleiner selbstständiger Verein mit Trainingsgelände in Eiserfeld...,57234 Wilnsdorf,,Kontakt:,N. Stahl,0273947628,,webmaster@bogensport-siegen.de, http//www.bogensport-siegen.de
Brasilianisch-Deutsches Zentrum für Kultur Sport und Tanz e. V.,Capoeira,.,57074,Siegen,K. Teixeira,,,boca.a.boca@hotmail.com, http//www.cadenciacapoeira.com
BSG Geisweid e.V. - Verein für Gesundheitsförderung,Verein für Gesundheitsförderung,Postfach 22 31 53,57037,Siegen,Stefan Justus,027186558,,familie-justus@t-online.de,
Budo Siegen e.V.,Sportverein mit Schwerpunkt Taekwondo,Sandstrasse 173,57072,Siegen,Kami Sohrabi,02712400195,,kamisohrabi@gmx.de, http//www.taekwondo-siegerland.de
BUSHIDO-SIEGEN e.V.,Bushido - Siegen,Untere Dorfstraße 165,57074,Siegen,Rolf Kringe,02719399130,027140571391,bushido-siegen@gmx.de, http//www.bushido-siegen.de
Bürbacher Spielvereinigung 09 e.V.,Fußball Tischtennis Badminton Aerobic Gymnastik Radsport,Postfach 12 01 50,57022,Siegen,Herr Dornhöfer,02716906214,,j.dornhoefer@herkules-group.com,
DJK TuS 02 Siegen e.V.,Tischtennis Turnen Fußball,Hagener Straße 18,57074,Siegen,Michael Pontz,02712319644,02714057888,info@djk-siegen.de, http//www.djk-siegen.de
DLRG Ortsgruppe Siegen e. V.,Die Ortsgruppe Siegen der Deutschen Lebens-Rettungs-Gesellschaft hat...,Am Silberstern 15,57258,Freudenberg,Martin Henning (Vorsitzender),02734435379,,info@siegen.dlrg.de, http//www.siegen.dlrg.de
DLRG Weidenau e.V.,Maßnahmen zur Bekämpfung des Ertrinkungstodes,Wartburgstraße 9,57078,Siegen,Heinz-Peter Stötzel,027177349739,027177349739,, http//www.weidenau.dlrg.de
Eiserfelder Turnverein 1880 e.V.,Kinderturnen / Eltern-Kind / Rhönrad / Prellball / Volleyball / Gymnastik für Frauen / Aerobic / Stepaerobic / Tischtennis ....,Lindenstraße 76c,57080,Siegen,Friedhelm Kunz,0271383229,,friedhelm.kunz@eiserfeldertv.de, http//www.eiserfeldertv.de
Fallschirmsportclub NRW  e.V.,AusbildungTandemsprünge,Kaiserschacht 14a,57080,Siegen,H.-Jürgen Künzel,0271387242,0271387242,hjhkuenzel@aol.com, http//www.fscnrw.de
fat tire flyer Siegerland e.V.,Mountainbikeverein,Lindenstr. 39,57080,Siegen,Jörg Balzer,01713531456,,fat-tire-flyer@web.de, http//www.fat-tire-flyer.de
FC Grün-Weiss Siegen e.V.,FC Gruen-Weis Siegen e.V. ein Familiensportverein stellt sich vor,Steinstraße 2,57072,Siegen,Gerd Stöckle,027122790,,info@gw-siegen.de, http//www.gw-siegen.de
Gebrauchshundsportverein GHSV Siegen e.V.,Hundesportverein ...,Wellersbergstraße,57072,Siegen,Renate Geduhn,027336632,,ghsvsiegen@web.de, http//www.ghsvsiegen.de
Golf Club Siegen-Olpe e.V.,Wir freuen uns auf Sie ...,Am Golfplatz,57482,Wenden,Sekretariat,0276297620,02762976212,info@golfclub-siegen-olpe.de, http//www.golfclub-siegen-olpe.de
Golfclub Siegerland e.V.,...wo man (sich) trifft,Berghäuser Weg,57223,Kreuztal,Klaus Braas,0273259470,02732594724,klaus.braas@gc-siegerland.de, http//www.gc-siegerland.de
International Combat Arts,Moderne Selbstverteidigung,Ziegeleistr.20,57078,Siegen,Andreas Holz,01608301867,,senseisports@web.de, http//www.International-Combat-Arts.de
Judo-Freunde Siegen-Lindenberg e.V.,,Auf dem Groben 6,57080,Siegen,Hans-Werner Krämer,01752307414,,hans-werner.kraemer@judofreunde-siegen.de, http//www.judofreunde-siegen.de
Judo-Vereinigung Siegerland e.V.,Sportverein für die ganze Familie mit 16 Abteilungen zu humanen Preisen,Sieghütter Hauptweg 9,57072,Siegen,Heinrich Kleinert,027142379,0271484192,info@judo-vereinigung.de, http//www.judo-vereinigung.de
Karateverein Bushido Siegen e.V.,Karateverein traditionell,Untere Dorfstraße 165,57072,Siegen-Bürbach,Rolf Kringe,027151710,027140571391,vorstand@bushido-siegen.de, http//www.bushido-siegen.de
Kick-Boxing Team Siegerland,Abteilung der Judo-Vereinigung Siegerland e. V.,Sieghütter Hauptweg 9,57072,Siegen,Dipl.-Ing. Jens Walbersdorf,02712404510,0271484192,info@kickboxen-siegen.de, http//www.kickboxen-siegen.de
Kick-Boxing Team Siegerland e. V.,Kickboxen in der Stadt unterm Krönchen.,Friedrich-Wilhelm-Straße 64,57074,Siegen,Dipl.-Ing. Jens Walbersdorf,0271394900281,0271394900289,info@kickboxen-siegen.de, http//www.kickboxen-siegen.de
Kung-Fu und Taiji,Kung-Fu und Taiji beim Verein für chinesische Kampf- und Heilkunst e.V.,Seelbacher Weg 14,57072,Siegen,Björn Henke,015777394932,,info@kungfu-siegen.de, http//www.kungfu-siegen.de
Luftsportverein Siegerland e.V.,Auf dem Segelfluggelände Eisernhardt betreibt der Verein...,In der Thalen 9,57258,Freudenberg,Marco Berners,02713757696,02713720268,marco.berners@t-online.de, http//www.lsv-siegerland.de/
minigolf club siegen e.v.,Die Oase im Grünen am Rande der Stadt,an der alche,57074,siegen,manfred r. götz,027152828,027120124,minigolfinsiegen@goldmail.de, http//www.minigolfinsiegen.de
MSC Scuderia 700 Hüttental e. V. im ADAC,Der erfolgreichste Siegerländer Motorsportclub im Automobilslalomsport ...,Trupbacher Str.96,57072,Siegen,Jörg Schneider,0271374691,,jblschneider@aol.com, http//www.scuderia700.de
Pool Billard Club Magic Queue Siegen 1988 e.V.,Billardverein der interessierten Menschen diesen Sport näher bringen möchte.,Dielfestrasse 2,57234,Wilnsdorf,Torsten Vitt,02713900004,02713900008,magic-queue-siegen-1988@arcor.de, http//www.magic-queue-siegen.de/
Reha-Sport-Gemeinschaft Siegen e.V.,Fachverein für Rehabilitation durch Sport ...,Damaschkestraße 34,57074,Siegen,Ilona Meyer,027184831,02717402523,meyer@reha-sg-siegen.de, http//www.reha-sg-siegen.de
Reitverein Mühlenbachtal,Ausbildung von Pferd und Reiter bis Klasse S...,Vor dem Steinchen 22,57074,Siegen,Familie Wassmann,027163977,02716610092,henrik.wassmann@gmx.de, http//www.reitstall-wassmann.com
Rhythmik Sport Club Siegen,Fitnesstraining für Groß und Klein,Höhstraße 28,57074,Siegen,Helga Dietrich,027154136,,info@rsc-siegen.de, http//www.rsc-siegen.de
Rollschuhsportgemeinschaft Siegen e.V.,Herzlich willkommen bei der Rollschuhsportgemeinschaft Siegen ...,Schloßblick 36,57074,Siegen,Thomas von Fugler,,,Thomas.von.Fugler@t-online.de, http//www.rsg-siegen.de
RSV 06 Eiserfeld,Rasensportverein 06 Eiserfeld e.V.,Mühlgasse 8,35745,Herborn,Michael Krämer,02772923277,,info@rsv06eiserfeld.de, http//www.rsv06eiserfeld.de
Schachverein Caissa Gosenbach-Eiserfeld,,Postfach 320246,57555,Mudersbach,Bernd Münker,,02713878946,caissa.gosenbach@t-online.de,
Schwimmvereinigung Neptun-Siegerland 1913 e.V.,Internetpräsenz der Schwimmvereinigung Neptun-Siegerland 1913 e.V.,Löhrtor 15,57072,Siegen,Klaus Holthoff-Frank,027121979u.01775345629,,info@schwimmen-siegen.de, http//www.schwimmen-siegen.de
Schützengilde Alchetal,Die Schützengilde Alchetal ist einer der erfolgreichsten Schützenvereine in Siegen! Besonders die Jugendarbeit steht bei diesem Verein im Vordergrund aber auch die Tradition kommt nicht zu kurz.,Theodor-Noa-Str.13,57074,Siegen,Andre Hähner,027165378,,webmaster@alchetal.de, http//www.alchetal.de
SG Siegen-Giersberg e.V.,Fit unter`m Sender lautet das Motto der Sportgemeinschaft Siegen-Giersberg...,Postfach 10 02 27,57002,Siegen,Dirk Schreiber,027146568,,Dirkschreiber@t-online.de, http//www.siegen-giersberg.de
Shin-Zen.Siegen e.V.,Traditionelles Shotokan-Karate (DJKB) Anfänger- sowie Fortgeschrittenentraining für Kinder Jugendliche und Erwachsene,Oberer Hengsbacher Weg 80,57080,Siegen,Helmut Hähner (1. Vorsitzender),0271310846,,karin.haehner@unitybox.de, http//www.shin-zen.de
Shotokan-Karate Niederschelden e.V.,Karate als Freizeitsport,Kirchberg 11,57080,Siegen,Holger Eggert,0271355954,,info@shotokan-niederschelden.de, http//www.shotokan-niederschelden.de
Siegen Phoenix Steelers [Baseball &amp Softball Club],Baseball &amp Softball in Siegen-Weidenau: mit offiziellem Liga-Spielbetrieb für Schüler (m/w) Jugendliche (m/w) &amp Erwachsene... NRW Landesliga NRW Verbandsliga &amp Mixed-Fun-Liga,Zum Söhler 17,57076,Siegen,Adrian Jilek,01789883815,,info@phoenix-steelers.de, http//www.phoenix-steelers.de
Siegen Pirates Baseball e.V.,,Kiefernweg 13,57271,Hilchenbach,Coach Hans Weisse,027338408,,coach@siegen-pirates.de, http//www.siegen-pirates.de
Siegener Reitverein e. V.,Reitverein mit Schwergewicht bei Springen und Voltigieren...,Leimbachstr. 260,57074,Siegen,Marc Ostendarp,0271336299+331298+01783021130,0271336299,,
Siegener SC 07/09 e.V. - Tennisabteilung,Tennisverein,Schultestr. 6,57076,Siegen,Hans-Dieter Haardt,027143434,027124929,dieter.haardt@freenet.de, http//www.siegenersc-tennis.de/
Siegener SC Tennisabteilung,Tennisverein,Fürstenweg 2,57072,Siegen,siehe Homepage,sieheHomepage,sieheHomepage,ssc@siegenersc-tennis.de, http//www.siegenersc-tennis.de
Siegener Schachverein 1878,Schach für jedermann...,Obenstruthstraße 22,57072,Siegen,Thomas Wallasch,027156904oder01777607149,,wallasch@siegener-schachverein.de, http//siegener-schachverein.de
Singapore Nia Kwang Pugilistic Association Germany e.V.,Kung-Fu Verein,Badstraße 5,57072,Siegen,Dennis Seet,,0271382352,info@yingyongtang.de, http//www.yingyongtang.de
Sportfischerverein Hüttental e.V.,Angelfischerei und Castingsport,Hofbachstraße 102,57078,Siegen,Walter Bartkowiak,027181331oder01703830058,,sfvhuettental1959@web.de, http//www.sportfischerverein-huettental.de
Sportfreunde Siegen von 1899 e.V.,Sportfreunde Siegen,Leimbachstr. 248,57074,Siegen,Herr Steinemann,0271353315,,info@sportfreunde-online.de, http//www.sportfreunde-online.de
Stadtsportverband Siegen e.V.,Der Stadtsportverband Siegen e.V. (SSV) stellt sich vor...,Birkenweg 34 A,57080,Siegen,c/o Maik Otto 1. Vorsitzender,02713177401,02713177402,info@stadtsportverband-siegen.de, http//www.stadtsportverband-siegen.de
SuS Niederschelden,,Am Rosengarten 58,57080,Siegen,Michael Solbach,01713581366,,m.soli@online.de,
SuS Niederschelden - Abteilung Tischtennis,,Maiweg 17 a,57080,Siegen,Volker Siedentop,02712509725,,mailto, http//www.sus-niederschelden.de
SV Birlenbach 64,,Postfach 223 443,57040,Siegen,Geschäftsführer Holger Kunze,,,hkunze@gmx.de,
SV Gosenbach 1963 e.V.,Fussball- und Tennisverein,Postfach 31 03 29,57046,Siegen,Ulrike Neugebauer (1. Vorsitzende),,,info@svgosenbach.de, http//www.svgosenbach.de
SV Setzen 1911 e.V.,Sportverein,Edelmann,57078,Siegen,Ralf,02713131847,,ralf.edelmann@svsetzen.de, http//www.svsetzen.de
SV Weidenau/Geisweid e.V.,Schach macht Spaß!! Erleben sie es mit uns!,Sohlbacher Str. 135,57078,Siegen,Daniel Mohr,027189088355,027189088356,schach@weidenau-geisweid.de, http//www.weidenau-geisweid.de
Tanz-Sport-Club Schwarz-Gold Siegen e.V.,Tanzen im ältesten Tanz-Sport-Club Siegens,Wiesenstr. 66,57072,Siegen,Jürgen Tuppeck,0271331617,,info@schwarz-gold-siegen.de, http//www.schwarz-gold-siegen.de
Tanz-Sport-Gemeinschaft Blau-Gold Siegen e.V.,Der Tanzsportverein in Siegen-Geisweid - im Si-Haus,Bergstr. 31,57078,Siegen,Carsten Giesler,02717411336,02717411339,info@blau-gold-siegen.de, http//www.blau-gold-siegen.de
Tanzsportverein Krönchen Siegen e.V.,Tanzsportverein Krönchen Siegen,Am Bastenberg 17,57072,Siegen,Harald Witzel,0271371431Anrufbeantworter,,kroenchensiegen@gmx.de, http//www.kroenchen-siegen.de
Tauchsport- und Forschungsgemeinschaft Siegerland,Wir sind einer der ältesten Tauchsportvereine in Deutschland...,Postfach 10 09 25,57009,Siegen,Peter Wilms,027145493,,info@tfs-siegen.de, http//www.tfs-siegen.de
TC- Octopus Siegen e.V.,Auf diesen Seiten wollen wir unseren Tauchclub und  die alles andere als lebensfeindliche UnterWasserWelt etwas näher bringen...,Marienborner Straße 105,57074,Siegen,Michael Biazeck,0271682266Mobil,027184004,michael.biazeck@tc-octopus.de, http//www.tc-octopus.de
TG Nautilus Siegerland e.V.,Tauchsportgemeinschaft,57080 Siegen,,Kontakt:,Matthias Oft,02736299535,,oft@selzer-automotive.de,
Turn- und Sportgemeinschaft Siegen 1846 e.V.,,Burgstrasse 28,57072,Siegen,Vorstand Geschäftsstelle montags 1830 - 2000 Uhr,027152613,02713030454,tsg-siegen@t-online.de, http//www.tsg-siegen.de
Turngemeinde FRIESEN Klafeld-Geisweid 1889 e.V.,Moderner Großverein mit diversen Angeboten im Breiten- und Wettkampfsport...,Droste-Hülshoff-Str. 2,57078,Siegen,Dr. Horst C. Uzar,027189269,027189269,webmaster@tg-friesen.de, http//www.tg-friesen.de/
TuS Auf den Hütten Weidenau (AdH),Willkommen beim Turn- und Sportverein 'Auf den Hütten'  Weidenau e.V.,Köhlerweg 20,57076,Siegen-Weidenau,1. Vorsitzender Hans Jürgen Berg Geschäftsführer Dirk Mülle,027174616,,info@adh-weidenau.de, http//www.adh-weidenau.de
TuS 1900 Eisern - Abteilung Tennis,,Weisgerberstraße 23,57080,Siegen,1. Vorsitzender Paul-Hermann Langenbach,,,info@tus-eisern-tennis.de, http//www.tus-eisern-tennis.de
TuS 1900 Eisern Abteilung Tischtennis,,Auf den Feldern 2,57080,Siegen,Gunther Gelber,0271390437,,tuseiserntischtennis@gmx.de, http//www.tus-eisern-tischtennis.de
TV 1960 Langenholdinghausen,,Fußfeld 4,57078,Siegen,Karl-Heinz Messerschmidt,0271351777,,tv1960l@gmx.de, http//---
TV Eiserfeld 74 e.V.,Tennisverein,Ahornweg 9,57074,Siegen,Rudi Birlenbach,0271336686,02712330266,tveiserfeld74@gmx.de, http//www.tv-eiserfeld.de
TV Gosenbach von 1895 e.V.,Wir sind ein Turnverein mit vielfältigem Angebot,Keppelscher Hof 41 A,57080,Siegen,Holger Siebert,02712508315,,info@tv-gosenbach.de, http//www.tv-gosenbach.de
TV Jahn Siegen,Vielseitiges Sportangebot in Siegens Zentrum...,Diemstraße 12,57072,Siegen,Guido Müller,027154633,,vorstand@jahn-siegen.de, http//www.jahn-siegen.de
Verein für chinesische Kampf- und Heilkunst e.V.,Verein für die chinesischen Kampfkünste Kung-Fu und Taiji.,Freudenberger Straße 452,57072,Siegen,Erich Clemens,015777394932,,info@kungfu-siegen.de, http//www.kungfu-siegen.de
Verein für Flugsport Geisweid e. V.,Segelfliegen und Motorsegeln,Hengsbachstraße 16,57080,Siegen,A. Nies und Hans-Hermann Wied,0271311039oder0,0271310050,euroglide@topmail.de, http//www.segelflug.de/vereine/geisweid/euroglide
VfL Klafeld-Geisweid 08 e.V.,Ein Fußballverein stellt sich vor...,Postfach 22 35 28,57041,Siegen,Gerald Kühn,01718314133,,vfl-klafeld1908@email.de,
VTB Siegen 1986 e.V.,VauTeBe - der etwas andere Verein,Liegnitzer Str. 68,57072,Siegen,Gerd Peter,0271316165,0271316165,vtb-siegen@aol.com,
WingTsun Kampfkunstschule Siegen,Kampfkunst &amp realistische Selbstverteidigung,Friesenstr. 19,57078,Siegen,Jens Schneider,02718909464,,jesch73@web.de, http//www.wt-kampfkunstschule.de
Zhong Yang Chow Gia Gou Shu Association,Schöne und informative Seite über das CHOW GIA QUAN Kung-Fu System,Sieghütter Hauptweg 9,57072,Siegen,Patrick Schönemann / Björn Henke,027142379,,info@chowgia.de, http//www.chowgia.de
